Species,baddate,Date,Month,Year,d13C,d15N,d34S,N_per,C_per,S_per
Common Snook,2012-02-13,2012-02-13,Feb,2012,-22.7,12.66,7.22,6.99,24.32,0.444
Common Snook,2012-02-13,2012-02-13,Feb,2012,-19.19,12.91,10.42,7.49,26.3,0.499
Common Snook,2012-03-05,2012-03-05,Mar,2012,-27.22,10.25,0.29,8.58,28.78,0.35
Common Snook,2012-03-05,2012-03-05,Mar,2012,-18.58,12.48,7.87,8.58,26.55,0.414
Common Snook,2012-03-19,2012-03-19,Mar,2012,-26.79,12.74,23.82,7.23,24.44,0.442
Common Snook,2012-03-19,2012-03-19,Mar,2012,-25.79,11.33,17.4,10.12,33.11,0.582
Common Snook,2012-03-24,2012-03-24,Mar,2012,-25.46,10.22,7.07,8.5,28.69,0.5
Common Snook,2012-04-13,2012-04-13,Apr,2012,-27.48,13,25.95,7.41,25.18,0.473
Common Snook,2012-04-14,2012-04-14,Apr,2012,-25.15,13.19,21.86,9.33,29.78,0.574
Common Snook,2012-04-14,2012-04-14,Apr,2012,-26.66,12.61,21.51,9.57,30.78,0.472
Common Snook,2012-04-15,2012-04-15,Apr,2012,-27.91,12.55,20.39,9.72,33.1,2.048
Common Snook,2012-05-05,2012-05-05,May,2012,-24.69,13.67,19.4,8.72,28.15,0.5
Common Snook,2012-05-05,2012-05-05,May,2012,-28,11.24,29.08,9.89,34.77,0.539
Common Snook,2012-05-05,2012-05-05,May,2012,-27.05,12.58,26.65,8.16,27.69,0.53
Common Snook,2012-06-26,2012-06-26,Jun,2012,-27.33,12.82,25.35,7.78,26.79,0.431
Common Snook,2012-06-26,2012-06-26,Jun,2012,-27.16,12.84,26.57,9.25,30.19,0.48
Common Snook,2013-02-23,2013-02-23,Feb,2013,-27.18,12.11,25.33,9.74,33.62,0.485
Common Snook,2013-06-26,2013-06-26,Jun,2013,-25.75,12.66,13.51,8.33,27.59,0.456
Common Snook,2013-06-27,2013-06-27,Jun,2013,-24.55,12.05,5.96,8.44,26.8,0.404
Common Snook,2014-02-24,2014-02-24,Feb,2014,-18.25,13.05,9.8,8.52,27.24,0.528
Common Snook,2014-03-04,2014-03-04,Mar,2014,-23.68,11.18,6.97,8.26,27.19,0.471
Common Snook,2014-04-27,2014-04-27,Apr,2014,-24.84,11.97,14.03,7.83,26.49,0.471
Common Snook,2014-04-27,2014-04-27,Apr,2014,-25.72,12.01,21.46,7.43,25.37,0.429
Common Snook,2014-04-27,2014-04-27,Apr,2014,-23.06,12.07,18.5,7.87,25.65,0.462
Common Snook,2014-05-05,2014-05-05,May,2014,-27.35,11.5,24.13,9.39,32.68,0.354
Common Snook,2014-05-31,2014-05-31,May,2014,-24.7,12.33,17.67,8.63,27.17,0.53
Common Snook,2014-05-31,2014-05-31,May,2014,-25.63,12.52,21.37,7.79,24.32,0.358
Common Snook,2014-05-31,2014-05-31,May,2014,-25.74,12.34,16.48,7.99,25.47,0.352
Common Snook,2014-07-09,2014-07-09,Jul,2014,-25.87,13.06,23.31,6.7,22.69,0.297
Common Snook,2014-07-09,2014-07-09,Jul,2014,-25.96,12.29,21.42,7.09,24.24,0.328
Common Snook,2015-03-04,2015-03-04,Mar,2015,-26.85,12.28,22.3,7.5,25.81,0.416
Common Snook,2015-03-07,2015-03-07,Mar,2015,-17.01,13.09,8.67,8.04,25.74,0.443
Common Snook,2015-04-11,2015-04-11,Apr,2015,-26.83,11.71,22,9.21,31.52,0.49
Common Snook,2015-04-12,2015-04-12,Apr,2015,-25.77,13.31,23.74,6.16,21.19,0.335
Common Snook,2015-04-12,2015-04-12,Apr,2015,-25.96,12.37,21.96,7.32,22.97,0.303
Common Snook,2015-04-12,2015-04-12,Apr,2015,-26.04,12.07,22.82,7.59,25.2,0.358
Common Snook,2015-04-12,2015-04-12,Apr,2015,-25.82,11.97,20.45,6.2,20.82,0.259
Common Snook,2015-04-13,2015-04-13,Apr,2015,-27.03,12.71,23.86,9.11,30.17,0.577
Common Snook,2015-04-13,2015-04-13,Apr,2015,-25.44,12.3,19.3,7.49,23.97,0.328
Common Snook,2015-04-13,2015-04-13,Apr,2015,-26.34,13.76,21.63,6.96,22.72,0.338
Common Snook,2015-04-14,2015-04-14,Apr,2015,-24.34,11.29,9.2,7.7,24.9,0.339
Common Snook,2015-04-14,2015-04-14,Apr,2015,-24.99,12.27,15.84,7.73,24.79,0.434
Common Snook,2017-02-26,2017-02-26,Feb,2017,-27.4,12.29,21.02,7.57,25.2,0.523
Common Snook,2017-02-26,2017-02-26,Feb,2017,-28.1,12.66,20.43,7.88,26.32,0.45
Common Snook,2017-02-27,2017-02-27,Feb,2017,-25.91,11.03,21.69,7.12,23.99,0.563
Common Snook,2017-03-03,2017-03-03,Mar,2017,-24.37,10.18,7.02,7.34,24.49,0.594
Common Snook,2017-04-24,2017-04-24,Apr,2017,-27.36,11.98,23.16,8.15,27.35,0.498
Common Snook,2017-04-24,2017-04-24,Apr,2017,-26.31,12.06,21.48,8.4,28.32,0.623
Common Snook,2017-04-25,2017-04-25,Apr,2017,-26.81,12.84,21.16,8.55,29.18,0.526
Common Snook,2017-04-25,2017-04-25,Apr,2017,-26.89,12.38,21.22,8.55,28.87,0.566
Common Snook,2017-05-31,2017-05-31,May,2017,-26.45,12.37,18.18,7.22,23.52,0.339
Common Snook,2017-05-31,2017-05-31,May,2017,-26.37,12.56,17.34,7.1,22.99,0.357
Common Snook,2017-05-31,2017-05-31,May,2017,-26.31,13.36,19.86,7.09,22.67,0.372
Common Snook,2018-02-17,2018-02-17,Feb,2018,-26.43,11.78,20.45,7.22,23.89,0.402
Common Snook,2018-02-21,2018-02-21,Feb,2018,-27.07,10.91,19.88,7.03,23.61,0.388
Common Snook,2018-02-21,2018-02-21,Feb,2018,-27.32,10.65,21.45,7.69,26.39,0.462
Common Snook,2018-03-13,2018-03-13,Mar,2018,-25.25,10.98,5.03,7.61,24.38,0.359
Common Snook,2018-04-27,2018-04-27,Apr,2018,-25.62,10.42,7.81,6.88,22.75,0.327
Common Snook,2018-04-27,2018-04-27,Apr,2018,-22.06,11.27,8.69,7.03,23,0.297
Common Snook,2018-04-28,2018-04-28,Apr,2018,-25.81,12.02,23.01,7.06,23.54,0.359
Common Snook,2018-04-28,2018-04-28,Apr,2018,-27.11,11.95,24.35,7.54,25.01,0.352
Common Snook,2018-04-28,2018-04-28,Apr,2018,-26.95,11.46,25.02,7.82,25.85,0.363
Common Snook,2018-04-28,2018-04-28,Apr,2018,-26.68,11.92,21.55,7.39,24.52,0.355
Common Snook,2018-04-28,2018-04-28,Apr,2018,-26.29,12.08,24.52,7.02,22.8,0.35
Common Snook,2018-05-15,2018-05-15,May,2018,-24.75,10.33,6.78,6.98,23,0.323
Common Snook,2018-05-15,2018-05-15,May,2018,-25.32,10.91,14.91,7.23,24.31,0.353
Common Snook,2018-05-16,2018-05-16,May,2018,-27.05,10.95,24.99,7.07,23.58,0.372
Common Snook,2018-05-16,2018-05-16,May,2018,-26.45,10.66,19.76,8,26.7,0.411
Common Snook,2018-05-16,2018-05-16,May,2018,-26.2,11.43,22.7,7.49,24.85,0.386
Common Snook,2018-05-16,2018-05-16,May,2018,-25.92,11.88,20.68,7.75,26.54,0.358
Common Snook,2021-04-16,2021-04-16,Apr,2021,-18.84,11.46,10.74,6.45,21.89,0.22
Common Snook,2021-03-19,2021-03-19,Mar,2021,-26.93,9.6,5.78,5.74,18.69,0.37
Common Snook,2020-02-23,2020-02-23,Feb,2020,-26.45,11.68,18.59,6.53,20.39,0.38
Common Snook,2019-05-28,2019-05-28,May,2019,-25.28,11.17,18.56,7.8,24.45,0.38
Common Snook,2020-02-24,2020-02-24,Feb,2020,-26.65,12.18,20.5,9.03,28.83,0.3
Common Snook,2020-05-16,2020-05-16,May,2020,-26.91,11.69,19.56,6.83,21.94,0.35
Common Snook,2019-04-28,2019-04-28,Apr,2019,-24.77,11.7,12.23,6.56,20.57,0.34
Common Snook,2019-04-28,2019-04-28,Apr,2019,-26.28,11.85,20.58,5.54,17.47,0.39
Common Snook,2020-05-16,2020-05-16,May,2020,-25.5,11.65,8.02,6.85,22.01,0.3
Common Snook,2019-04-29,2019-04-29,Apr,2019,-26.68,12.18,19.74,7.49,23.28,0.32
Common Snook,2020-05-16,2020-05-16,May,2020,-25.29,11.08,19.79,6.98,21.85,0.29
Common Snook,2020-05-16,2020-05-16,May,2020,-26.94,11.72,19.72,7.68,25.37,0.32
Common Snook,2020-02-22,2020-02-22,Feb,2020,-26.21,10.52,18.4,6.7,21.59,0.36
Common Snook,2012-02-13,2012-02-13,Feb,2012,-25.48,11.44,19.98,6.04,19.13,0.31
Common Snook,2021-04-16,2021-04-16,Apr,2021,-25.94,12.65,19.68,8.75,27.71,0.34
Common Snook,2020-05-16,2020-05-16,May,2020,-26.03,11.51,19.06,5.86,18.28,0.27
Common Snook,2019-04-29,2019-04-29,Apr,2019,-26.43,10.64,16.84,7.5,24.06,0.29
Common Snook,2019-04-28,2019-04-28,Apr,2019,-25.59,11.19,14.14,5.58,18.09,0.28
Common Snook,2019-05-28,2019-05-28,May,2019,-26.79,11.66,21.63,5.87,19.2,0.38
Common Snook,2019-02-24,2019-02-24,Feb,2019,-24.48,11.19,15.68,6.04,19.79,0.26
Common Snook,2019-02-25,2019-02-25,Feb,2019,-26.28,11.37,22.16,6.68,20.36,0.29
Common Snook,2021-02-20,2021-02-20,Feb,2021,-20.14,11.71,7.22,6.28,20.54,0.45
Common Snook,2019-01-22,2019-01-22,Jan,2019,-26.28,11.38,22.33,3.8,12.44,0.36
Common Snook,7/15/2014,2014-07-15,Jul,2014,-25.95,11.86,18.21,4.54,14.67,0.39
Common Snook,2013-05-09,2013-05-09,May,2014,-26.25,12.16,21.44,4.93,15.93,0.32
Common Snook,2014-07-08,2014-07-08,Jul,2014,-26.14,12.05,21.14,7.55,24.05,0.31
Common Snook,2014-06-26,2014-06-26,Jun,2014,-27.29,12.11,18.73,6.11,19.63,0.42
Common Snook,2014-06-10,2014-06-10,Jun,2014,-26.31,11.19,20.78,5.32,16.98,0.32
Common Snook,2014-07-08,2014-07-08,Jul,2014,-26.48,12.43,23.35,8.27,26.05,0.4
Common Snook,2014-06-26,2014-06-26,Jun,2014,-27.25,11.5,22.66,5.09,17.21,0.35
Common Snook,2014-06-24,2014-06-24,Jun,2014,-26.96,10.9,19.1,6.55,22.13,0.32
Common Snook,2014-06-26,2014-06-26,Jun,2014,-27.37,11.41,22.14,7.65,26.14,0.42
,,,,,,,,,,
,,,,,,,,,,
,,,,,,,,,,
,,,,,,,,,,
,,,,,,,,,,
,,,,,,,,,,
,,,,,,,,,,
,,,,,,,,,,
,,,,,,,,,,
,,,,,,,,,,
,,,,,,,,,,
,,,,,,,,,,
,,,,,,,,,,
,,,,,,,,,,
,,,,,,,,,,
,,,,,,,,,,
,,,,,,,,,,
,,,,,,,,,,
,,,,,,,,,,
,,,,,,,,,,
,,,,,,,,,,
,,,,,,,,,,
,,,,,,,,,,
,,,,,,,,,,
,,,,,,,,,,
,,,,,,,,,,
,,,,,,,,,,
,,,,,,,,,,
,,,,,,,,,,
,,,,,,,,,,
,,,,,,,,,,
,,,,,,,,,,
,,,,,,,,,,
,,,,,,,,,,
,,,,,,,,,,
,,,,,,,,,,
,,,,,,,,,,
,,,,,,,,,,
,,,,,,,,,,
,,,,,,,,,,
,,,,,,,,,,
,,,,,,,,,,
,,,,,,,,,,
,,,,,,,,,,
,,,,,,,,,,
,,,,,,,,,,
,,,,,,,,,,
,,,,,,,,,,
,,,,,,,,,,
,,,,,,,,,,
,,,,,,,,,,
,,,,,,,,,,
,,,,,,,,,,
,,,,,,,,,,
,,,,,,,,,,
,,,,,,,,,,
,,,,,,,,,,
,,,,,,,,,,
,,,,,,,,,,
,,,,,,,,,,
,,,,,,,,,,
,,,,,,,,,,
,,,,,,,,,,
,,,,,,,,,,
,,,,,,,,,,
,,,,,,,,,,
,,,,,,,,,,
,,,,,,,,,,
,,,,,,,,,,
,,,,,,,,,,
,,,,,,,,,,
,,,,,,,,,,
,,,,,,,,,,
,,,,,,,,,,
,,,,,,,,,,
,,,,,,,,,,
,,,,,,,,,,
,,,,,,,,,,
,,,,,,,,,,
,,,,,,,,,,
,,,,,,,,,,
,,,,,,,,,,
,,,,,,,,,,
,,,,,,,,,,
,,,,,,,,,,
,,,,,,,,,,
,,,,,,,,,,
,,,,,,,,,,
,,,,,,,,,,
,,,,,,,,,,
,,,,,,,,,,
,,,,,,,,,,
,,,,,,,,,,
,,,,,,,,,,
,,,,,,,,,,
,,,,,,,,,,
,,,,,,,,,,
,,,,,,,,,,
,,,,,,,,,,
,,,,,,,,,,
,,,,,,,,,,
,,,,,,,,,,
,,,,,,,,,,
,,,,,,,,,,
,,,,,,,,,,
,,,,,,,,,,
,,,,,,,,,,
,,,,,,,,,,
,,,,,,,,,,
,,,,,,,,,,
,,,,,,,,,,
,,,,,,,,,,
,,,,,,,,,,
,,,,,,,,,,
,,,,,,,,,,
,,,,,,,,,,
,,,,,,,,,,
,,,,,,,,,,
,,,,,,,,,,
,,,,,,,,,,
,,,,,,,,,,
,,,,,,,,,,
,,,,,,,,,,
,,,,,,,,,,
,,,,,,,,,,
,,,,,,,,,,
,,,,,,,,,,
,,,,,,,,,,
,,,,,,,,,,
,,,,,,,,,,
,,,,,,,,,,
,,,,,,,,,,
,,,,,,,,,,
,,,,,,,,,,
,,,,,,,,,,
,,,,,,,,,,
,,,,,,,,,,
,,,,,,,,,,
,,,,,,,,,,
,,,,,,,,,,
,,,,,,,,,,
,,,,,,,,,,
,,,,,,,,,,
,,,,,,,,,,
,,,,,,,,,,
,,,,,,,,,,
,,,,,,,,,,
,,,,,,,,,,
,,,,,,,,,,
,,,,,,,,,,
,,,,,,,,,,
,,,,,,,,,,
,,,,,,,,,,
,,,,,,,,,,
,,,,,,,,,,
,,,,,,,,,,
,,,,,,,,,,
,,,,,,,,,,
,,,,,,,,,,
,,,,,,,,,,
,,,,,,,,,,
,,,,,,,,,,
,,,,,,,,,,
,,,,,,,,,,
,,,,,,,,,,
,,,,,,,,,,